"Price Tanner",lumyva@mailinator.com,640ecca2968fd_80269189_853769458376659_2000387490627715072_n.jpg,"2023-03-13 07:11:30"
"Shelby Grant",damoqif@mailinator.com,640f20674e510_photo_2021-06-23_20-54-16.jpg,"2023-03-13 13:08:55"
"Demetria Webb",vopo@mailinator.com,640f4bc9c49c2_80269189_853769458376659_2000387490627715072_n.jpg,"2023-03-13 16:14:01"
"Abraham Barron",wobim@mailinator.com,640f4c5b07e37_80269189_853769458376659_2000387490627715072_n.jpg,"2023-03-13 16:16:27"
"Ivy Moody",xowaguxudu@mailinator.com,640f4d328af6a_80269189_853769458376659_2000387490627715072_n.jpg,"2023-03-13 16:20:02"
"Rinah Albert",mosysoh@mailinator.com,640f4f94c2070_doc1.png,"2023-03-13 16:30:12"
"Shay Barrera",xuzykatu@mailinator.com,640f4fd33c191_un5.png,"2023-03-13 16:31:15"
"Amir Espinoza",vysikiz@mailinator.com,640f501368b56_un6.png,"2023-03-13 16:32:19"
"Kylee Hill",nymenalulo@mailinator.com,640f52d2dae63_doc1.png,"2023-03-13 16:44:02"
"Kylee Hill",nymenalulo@mailinator.com,640f548bd4848_doc1.png,"2023-03-13 16:51:23"
